{
  "multihead": {
    "alto": {
      "mae": 1.1404416561,
      "mse": 2.3694701195,
      "rmse": 1.5393083096,
      "r2": 0.6962307692,
      "mape": 4.8721406609,
      "relative_error": 4.8721406609,
      "n_samples": 98
    },
    "ancho": {
      "mae": 0.3869600594,
      "mse": 0.2460395098,
      "rmse": 0.4960236847,
      "r2": 0.9284735322,
      "mape": 3.3057425171,
      "relative_error": 3.3057425171,
      "n_samples": 98
    },
    "grosor": {
      "mae": 1.1768461466,
      "mse": 2.0798530579,
      "rmse": 1.4421695471,
      "r2": -0.3869382143,
      "mape": 14.0141010284,
      "relative_error": 14.0141010284,
      "n_samples": 98
    },
    "peso": {
      "mae": 0.1895498782,
      "mse": 0.0538871139,
      "rmse": 0.2321359813,
      "r2": 0.581469655,
      "mape": 12.0810560882,
      "relative_error": 12.0810560882,
      "n_samples": 98
    }
  }
}