{
  "multihead": {
    "alto": {
      "mae": 0.8587229848,
      "mse": 1.6494309902,
      "rmse": 1.2843017578,
      "r2": 0.7885407209,
      "mape": 3.5580854863,
      "relative_error": 3.5580854863,
      "n_samples": 98
    },
    "ancho": {
      "mae": 0.5391522646,
      "mse": 0.5554538369,
      "rmse": 0.745287776,
      "r2": 0.8385232687,
      "mape": 4.5208323747,
      "relative_error": 4.5208323747,
      "n_samples": 98
    },
    "grosor": {
      "mae": 0.9838317037,
      "mse": 1.4516865015,
      "rmse": 1.2048594952,
      "r2": 0.031951189,
      "mape": 11.0023379326,
      "relative_error": 11.0023379326,
      "n_samples": 98
    },
    "peso": {
      "mae": 0.1748739332,
      "mse": 0.0548749343,
      "rmse": 0.2342540026,
      "r2": 0.5737974644,
      "mape": 10.0296527147,
      "relative_error": 10.0296527147,
      "n_samples": 98
    }
  }
}